real_inputs,given_candidate,target,predicted,top_candidates
"[8.0, 10.0, 15.0, 0.2]",[ 9.42216488 14.95957806 20.28544649  0.22343435],232.62,233.31789,"[array([ 9.42216488, 14.95957806, 20.28544649,  0.22343435]), array([ 9.42216488, 14.95957806, 20.28544649,  0.22343435]), array([ 9.7189059 , 12.63068587, 20.66634296,  0.24012075]), array([ 9.42216488, 14.95957806, 20.28544649,  0.22343435]), array([ 9.6       , 14.06974585, 22.26169159,  0.21002782])]"
"[8.0, 10.0, 20.0, 0.3]",[ 8.70915452 15.15289204 22.89387599  0.27066761],232.08,231.5069,"[array([ 8.70915452, 15.15289204, 22.89387599,  0.27066761]), array([ 8.66654686, 15.1519424 , 23.51623197,  0.27373708]), array([ 8.82600654, 15.17123278, 23.52155596,  0.26756817]), array([ 8.48920955, 16.2816342 , 22.73177019,  0.2807082 ]), array([ 8.68201607, 15.06826886, 23.74401275,  0.29897679])]"
"[8.0, 15.0, 15.0, 0.3]",[ 8.90062603 11.66714387 19.74392145  0.28502444],238.63,238.47664,"[array([ 8.90062603, 11.66714387, 19.74392145,  0.28502444]), array([ 8.56990566, 11.97791205, 19.42153117,  0.29433075]), array([ 8.87005465, 12.09526504, 15.68356639,  0.29644688]), array([ 8.89316842, 11.90049068, 19.92779751,  0.29358976]), array([ 8.32430327, 10.48509836, 19.72524268,  0.29384118])]"
"[8.0, 15.0, 20.0, 0.2]",[ 8.98566582 19.14194437 15.85123016  0.20696563],219.76,221.92464,"[array([ 8.98566582, 19.14194437, 15.85123016,  0.20696563]), array([ 8.29855342, 16.86011178, 18.85230292,  0.24293177]), array([ 8.3538986 , 19.58355868, 15.57958549,  0.21919172]), array([ 8.93229668, 19.30455275, 15.9171008 ,  0.2       ]), array([ 8.98566582, 19.14194437, 15.85123016,  0.20696563])]"
"[8.0, 20.0, 15.0, 0.2]",[ 8.         20.         15.62699782  0.2       ],196.63,200.81734,"[array([ 8.        , 20.        , 15.62699782,  0.2       ]), array([ 8.        , 20.        , 15.        ,  0.22009924]), array([ 8. , 20. , 15. ,  0.2]), array([ 8. , 20. , 15. ,  0.2]), array([ 8.36256451, 20.        , 15.05064885,  0.2       ])]"
"[8.0, 20.0, 20.0, 0.3]",[ 8.45706604 13.85696316 22.20688161  0.2       ],224.38,225.31743,"[array([ 8.45706604, 13.85696316, 22.20688161,  0.2       ]), array([ 8.34210968, 14.78934334, 20.05294241,  0.21768297]), array([ 8.25810116, 13.45551993, 21.6889771 ,  0.24663145]), array([ 8.        , 14.92757116, 22.39394689,  0.2       ]), array([ 8.        , 12.82619484, 20.29910923,  0.2       ])]"
"[8.0, 20.0, 25.0, 0.4]",[ 8.04389799 15.67990801 23.26550305  0.35305847],231.34,231.30981,"[array([ 8.04389799, 15.67990801, 23.26550305,  0.35305847]), array([ 8.98456957, 19.80372465, 23.39360817,  0.39383073]), array([ 8.04389799, 15.67990801, 23.26550305,  0.35305847]), array([ 8.        , 15.80372465, 23.25030151,  0.31940019]), array([ 8.23641205, 17.65874307, 23.19450226,  0.38183008])]"
"[10.0, 10.0, 20.0, 0.2]",[10.7356424  13.67286231 18.47949648  0.27848841],256.11,258.0317,"[array([10.7356424 , 13.67286231, 18.47949648,  0.27848841]), array([10.90944141, 14.09916978, 17.00522043,  0.25510852]), array([10.83129073, 14.30803035, 18.32207619,  0.28770406]), array([10.7356424 , 13.67286231, 18.47949648,  0.27848841]), array([10.29771285, 13.6229513 , 19.14426018,  0.29394786])]"
"[10.0, 10.0, 20.0, 0.3]",[10.25213001 14.90560245 20.55815806  0.28340104],264.86,264.66284,"[array([10.25213001, 14.90560245, 20.55815806,  0.28340104]), array([10.88179871, 14.76452344, 20.4197178 ,  0.28360309]), array([10.16873116, 13.94558592, 21.52188023,  0.29340466]), array([11.53538799, 14.8016138 , 20.30363121,  0.28875246]), array([10.45961061, 14.52205992, 20.09048977,  0.26474896])]"
"[10.0, 10.0, 25.0, 0.2]",[ 8.         14.         22.77006187  0.32118574],228.21,227.97481,"[array([ 8.        , 14.        , 22.77006187,  0.32118574]), array([ 8.        , 13.82354914, 24.00230009,  0.34574765]), array([ 8.41734563, 14.50538838, 22.9781564 ,  0.33353069]), array([ 8.        , 14.37419914, 24.54167304,  0.35602628]), array([ 8.        , 14.00052053, 23.59503388,  0.31950557])]"
"[10.0, 15.0, 25.0, 0.2]",[ 9.64077358 10.96586952 17.18012139  0.25884249],249.42,246.70486,"[array([ 9.64077358, 10.96586952, 17.18012139,  0.25884249]), array([ 9.72621357, 10.30415468, 18.10226488,  0.26985761]), array([ 9.55545243, 11.29218469, 17.22712347,  0.25507229]), array([ 9.69526995, 10.        , 15.23780038,  0.27472684]), array([ 9.71753403, 11.9968376 , 17.07501659,  0.27622143])]"
"[10.0, 20.0, 25.0, 0.4]",[12.         20.         21.          0.21838602],306.28,306.49307,"[array([12.        , 20.        , 21.        ,  0.21838602]), array([12.       , 20.       , 22.0338245,  0.2      ]), array([12.        , 20.        , 22.16385874,  0.2       ]), array([12.        , 20.        , 21.93105385,  0.2       ]), array([12.        , 20.        , 22.16714043,  0.2       ])]"
"[12.0, 15.0, 15.0, 0.3]",[12.         17.0613697  21.1636066   0.22843266],297.65,297.07144,"[array([12.        , 17.0613697 , 21.1636066 ,  0.22843266]), array([12.        , 16.99943094, 21.        ,  0.22742979]), array([12.        , 15.40536311, 21.        ,  0.21784045]), array([12.        , 18.35512649, 20.74031976,  0.24289782]), array([12.        , 17.01556682, 21.11123924,  0.21479147])]"
"[12.0, 15.0, 25.0, 0.2]",[12.         12.54395923 16.20448261  0.20771609],272.24,272.22333,"[array([12.        , 12.54395923, 16.20448261,  0.20771609]), array([12.        , 12.55021012, 15.53598041,  0.2       ]), array([12.        , 13.69505263, 15.        ,  0.20639106]), array([12.        , 13.09082453, 15.        ,  0.2       ]), array([12.        , 13.31975129, 15.        ,  0.2       ])]"
"[12.0, 20.0, 15.0, 0.3]",[11.59023402 20.         21.15352457  0.2       ],278.4,278.18097,"[array([11.59023402, 20.        , 21.15352457,  0.2       ]), array([11.54220265, 20.        , 21.42050328,  0.2       ]), array([11.97003089, 20.        , 22.44001348,  0.2       ]), array([11.79544391, 20.        , 20.93664545,  0.2       ]), array([11.57399814, 20.        , 21.70235137,  0.2       ])]"
"[12.0, 20.0, 20.0, 0.4]",[12.         20.         20.72515535  0.39172226],337.88,318.90735,"[array([12.        , 20.        , 20.72515535,  0.39172226]), array([12.        , 20.        , 22.34603829,  0.33167029]), array([12.        , 20.        , 22.40366746,  0.33117995]), array([12.        , 20.        , 20.09413594,  0.37441998]), array([12.        , 20.        , 20.56625709,  0.3917589 ])]"
"[12.0, 20.0, 25.0, 0.3]",[12.         20.         21.12544981  0.37353399],334.54,318.90735,"[array([12.        , 20.        , 21.12544981,  0.37353399]), array([12.        , 20.        , 21.59807491,  0.37687137]), array([12.        , 20.        , 21.21854665,  0.38169656]), array([12.        , 20.        , 21.2064668 ,  0.36421887]), array([12.        , 20.        , 20.37428462,  0.3622603 ])]"
"[12.0, 20.0, 25.0, 0.4]",[12.         20.         22.60729361  0.2       ],342.45,306.71878,"[array([12.        , 20.        , 22.60729361,  0.2       ]), array([12.        , 20.        , 24.60876739,  0.2       ]), array([12.        , 20.        , 22.78328759,  0.21082689]), array([12.        , 20.        , 22.57629824,  0.2       ]), array([12.        , 20.        , 24.03950138,  0.2       ])]"
"[9.0, 12.5, 15.0, 0.3]",[ 9.60549145 13.87492498 17.71568038  0.4       ],247.57,246.33862,"[array([ 9.60549145, 13.87492498, 17.71568038,  0.4       ]), array([ 9.6       , 14.94373395, 18.31903184,  0.4       ]), array([ 9.6       , 14.        , 15.63338218,  0.4       ]), array([ 9.6       , 14.        , 18.20052684,  0.4       ]), array([ 9.6       , 13.55549873, 18.26291077,  0.4       ])]"
"[10.0, 12.5, 22.5, 0.25]",[10.54404647 19.72817866 17.08749299  0.29783729],260.71,259.43326,"[array([10.54404647, 19.72817866, 17.08749299,  0.29783729]), array([10.54404647, 19.72817866, 17.08749299,  0.29783729]), array([11.16171825, 19.6178355 , 16.12560063,  0.28204604]), array([10.52687505, 15.78584675, 17.964521  ,  0.2967013 ]), array([10.68957798, 15.3463226 , 17.43824737,  0.29199534])]"
"[8.0, 10.0, 20.0, 0.4]",[ 9.60995283 17.30799485 15.          0.4       ],249.21,249.12578,"[array([ 9.60995283, 17.30799485, 15.        ,  0.4       ]), array([ 9.60675518, 15.3204945 , 15.        ,  0.4       ]), array([ 9.33173853, 17.60349255, 15.16467434,  0.4       ]), array([ 9.50612982, 17.69022118, 15.        ,  0.4       ]), array([ 9.51066194, 19.3204945 , 15.        ,  0.4       ])]"
"[8.0, 15.0, 15.0, 0.2]",[ 8.         15.09581466 25.          0.38905894],221.1,220.86331,"[array([ 8.        , 15.09581466, 25.        ,  0.38905894]), array([ 8.22256325, 17.68704044, 25.        ,  0.38835599]), array([ 8.50558878, 16.03729386, 25.        ,  0.3619199 ]), array([ 8.        , 15.5258871 , 25.        ,  0.39322011]), array([ 8.        , 15.18514135, 25.        ,  0.39319069])]"
"[8.0, 15.0, 15.0, 0.4]",[ 9.41734332 10.         18.27194519  0.23676995],242.32,242.32013,"[array([ 9.41734332, 10.        , 18.27194519,  0.23676995]), array([ 9.61923956, 10.46962133, 17.10541257,  0.24939983]), array([ 9.86579044, 10.        , 15.        ,  0.21342536]), array([ 9.39151559, 10.        , 17.63159604,  0.24651761]), array([ 9.38002467, 10.80902853, 15.70406024,  0.2       ])]"
"[8.0, 15.0, 25.0, 0.2]",[ 8.52045596 20.         15.53082356  0.30649386],202.62,203.22406,"[array([ 8.52045596, 20.        , 15.53082356,  0.30649386]), array([ 8.       , 20.       , 15.       ,  0.3175763]), array([ 8.        , 20.        , 15.        ,  0.34061069]), array([ 8.06081571, 20.        , 15.        ,  0.36225638]), array([ 8.        , 20.        , 15.        ,  0.30364927])]"
"[8.0, 15.0, 25.0, 0.3]",[ 8.84631721 16.80805802 25.          0.22704912],208.21,208.50775,"[array([ 8.84631721, 16.80805802, 25.        ,  0.22704912]), array([ 8.62301249, 16.34088616, 25.        ,  0.2       ]), array([ 8.       , 16.5578211, 25.       ,  0.2      ]), array([ 8.84407152, 15.94414553, 25.        ,  0.21684996]), array([ 8.48783542, 15.06154132, 25.        ,  0.2       ])]"
"[10.0, 10.0, 15.0, 0.3]",[10.14287039 16.77789502 15.42529511  0.36095521],270.05,270.239,"[array([10.14287039, 16.77789502, 15.42529511,  0.36095521]), array([10.36857442, 18.12881745, 15.        ,  0.32169083]), array([10.1358283 , 17.90587748, 15.43228947,  0.38233697]), array([10.57257244, 17.29978257, 15.42701853,  0.36178345]), array([10.14287039, 16.77789502, 15.42529511,  0.36095521])]"
"[10.0, 10.0, 25.0, 0.4]",[ 9.60667106 19.538746   21.36971121  0.34349345],238.74,238.74054,"[array([ 9.60667106, 19.538746  , 21.36971121,  0.34349345]), array([ 9.60667106, 19.538746  , 21.36971121,  0.34349345]), array([ 9.68176229, 15.45077656, 21.57274324,  0.37218679]), array([ 9.70888909, 19.58032901, 20.9582791 ,  0.35332273]), array([ 9.60667106, 19.538746  , 21.36971121,  0.34349345])]"
"[10.0, 15.0, 20.0, 0.2]",[12.         20.         19.03009935  0.4       ],284.2,283.86942,"[array([12.        , 20.        , 19.03009935,  0.4       ]), array([12.        , 20.        , 18.19787763,  0.4       ]), array([12.        , 20.        , 19.47967545,  0.4       ]), array([12.        , 20.        , 19.66639874,  0.4       ]), array([12.        , 20.        , 18.58333203,  0.4       ])]"
"[10.0, 15.0, 20.0, 0.3]",[11.39623833 20.         21.          0.36228941],281.82,281.83057,"[array([11.39623833, 20.        , 21.        ,  0.36228941]), array([11.72678329, 20.        , 21.73589028,  0.38100037]), array([11.83207159, 20.        , 20.93513174,  0.35957602]), array([11.00536611, 20.        , 20.82125022,  0.36936962]), array([11.50866119, 20.        , 21.44393767,  0.38321747])]"
"[10.0, 15.0, 25.0, 0.4]",[12.         17.88942398 25.          0.4       ],286.96,286.7889,"[array([12.        , 17.88942398, 25.        ,  0.4       ]), array([12.        , 19.92898829, 25.        ,  0.4       ]), array([12.        , 19.96498769, 25.        ,  0.4       ]), array([12.        , 19.61610048, 25.        ,  0.4       ]), array([12.        , 19.59156428, 25.        ,  0.4       ])]"
"[10.0, 20.0, 15.0, 0.2]",[ 9.96727106 15.36159231 15.02860769  0.26582504],239.45,239.69186,"[array([ 9.96727106, 15.36159231, 15.02860769,  0.26582504]), array([ 9.90020639, 17.89609344, 18.92605802,  0.28130059]), array([ 9.19542306, 19.58345684, 19.97698023,  0.29577848]), array([ 9.72715232, 16.98757789, 18.67834396,  0.27365578]), array([ 9.96727106, 15.36159231, 15.02860769,  0.26582504])]"
"[10.0, 20.0, 15.0, 0.4]",[10.06555084 11.56537754 22.85224168  0.23624473],251.58,251.1921,"[array([10.06555084, 11.56537754, 22.85224168,  0.23624473]), array([10.71317806, 10.69492563, 22.69339283,  0.21464458]), array([10.09589481, 10.77556477, 24.52102795,  0.23078896]), array([10.13183642, 10.        , 24.28802512,  0.23649878]), array([11.01670906, 11.60171331, 24.51099256,  0.21530332])]"
"[10.0, 20.0, 20.0, 0.3]",[11.79093028 18.74004005 22.04984166  0.38588231],273.05,272.8997,"[array([11.79093028, 18.74004005, 22.04984166,  0.38588231]), array([11.79791742, 17.83640851, 21.61141279,  0.39969295]), array([10.4       , 19.71608431, 21.49127563,  0.34386115]), array([11.35673744, 18.64011617, 21.80370317,  0.38376415]), array([11.79965932, 16.75611998, 21.0221067 ,  0.32      ])]"
"[12.0, 10.0, 15.0, 0.3]",[12.         16.60056192 21.          0.32      ],295.6,296.1626,"[array([12.        , 16.60056192, 21.        ,  0.32      ]), array([12.        , 17.01539233, 22.22179475,  0.37645602]), array([12.        , 16.79604532, 21.18069887,  0.34615749]), array([12.        , 15.56609153, 21.        ,  0.34018352]), array([12.        , 15.55705705, 21.        ,  0.32615136])]"
"[12.0, 15.0, 20.0, 0.3]",[11.2408322 20.        22.5672619  0.4      ],310.06,301.89282,"[array([11.2408322, 20.       , 22.5672619,  0.4      ]), array([11.85172833, 20.        , 23.10270453,  0.4       ]), array([10.89612175, 20.        , 22.61921425,  0.4       ]), array([10.59559925, 20.        , 24.39570833,  0.4       ]), array([11.03248125, 20.        , 24.86292699,  0.4       ])]"
"[12.0, 15.0, 20.0, 0.4]",[11.34823673 20.         23.51177759  0.4       ],312.15,301.89282,"[array([11.34823673, 20.        , 23.51177759,  0.4       ]), array([11.43009047, 20.        , 23.29717647,  0.4       ]), array([11.60299267, 20.        , 24.91122625,  0.4       ]), array([11.26786657, 20.        , 23.97803016,  0.4       ]), array([11.44653597, 20.        , 23.79258422,  0.4       ])]"
"[12.0, 15.0, 25.0, 0.3]",[12.        16.6415588 25.         0.2828542],282.04,284.54593,"[array([12.       , 16.6415588, 25.       ,  0.2828542]), array([12.        , 15.09249469, 25.        ,  0.29065294]), array([12.        , 17.51801033, 25.        ,  0.25207817]), array([12.        , 16.30921976, 25.        ,  0.28107429]), array([12.        , 16.63989002, 25.        ,  0.27600865])]"
"[12.0, 20.0, 15.0, 0.2]",[10.23716814 14.5676623  16.69441866  0.34926235],259.63,259.78793,"[array([10.23716814, 14.5676623 , 16.69441866,  0.34926235]), array([10.08376059, 13.61538216, 15.11286324,  0.30640304]), array([11.34156706, 13.71247324, 19.62443607,  0.33412442]), array([10.36516792, 13.48231181, 18.72188064,  0.38521411]), array([10.2187821 , 13.90912949, 16.67672343,  0.33821487])]"
"[10.0, 12.5, 22.5, 0.3]",[10.85372608 10.         18.69403838  0.27830769],263.7,263.70734,"[array([10.85372608, 10.        , 18.69403838,  0.27830769]), array([10.95118825, 11.526627  , 18.32260436,  0.27616171]), array([10.75303401, 11.43558751, 18.02512509,  0.28880789]), array([11.31762641, 10.        , 16.65788466,  0.26849996]), array([10.24985069, 10.        , 17.5348866 ,  0.27781492])]"
"[8.0, 10.0, 20.0, 0.2]",[ 9.32897952 11.87102352 22.98443116  0.28      ],236.84,237.83371,"[array([ 9.32897952, 11.87102352, 22.98443116,  0.28      ]), array([ 9.31290958, 10.4163121 , 23.12630503,  0.25082373]), array([ 9.69758889, 11.88306543, 23.9135246 ,  0.2696    ]), array([ 9.79578481, 11.33168408, 24.61073262,  0.26564309]), array([ 9.3267893 , 10.        , 23.08922036,  0.25756591])]"
"[8.0, 10.0, 25.0, 0.2]",[ 8.         20.         19.9912535   0.22969707],196.05,201.95541,"[array([ 8.        , 20.        , 19.9912535 ,  0.22969707]), array([ 8.        , 20.        , 16.61896077,  0.22824873]), array([ 8.        , 20.        , 18.38995031,  0.24643757]), array([ 8.11768102, 20.        , 19.83691768,  0.22875337]), array([ 8.        , 20.        , 19.48272157,  0.22423982])]"
"[8.0, 10.0, 25.0, 0.3]",[ 8.         20.         18.20327805  0.21130588],201.38,201.95541,"[array([ 8.        , 20.        , 18.20327805,  0.21130588]), array([ 8.        , 20.        , 16.45105737,  0.2       ]), array([ 8.        , 20.        , 15.72107341,  0.2       ]), array([ 8.       , 20.       , 19.6943329,  0.2      ]), array([ 8.       , 20.       , 16.1945119,  0.2      ])]"
"[8.0, 10.0, 25.0, 0.4]",[ 9.22809358 20.         15.          0.2774066 ],215.0,216.37631,"[array([ 9.22809358, 20.        , 15.        ,  0.2774066 ]), array([ 9.87428545, 20.        , 17.5690367 ,  0.26192754]), array([ 9.6      , 20.       , 15.       ,  0.2896343]), array([ 9.21146801, 20.        , 15.        ,  0.29258682]), array([ 9.6       , 20.        , 15.        ,  0.29764761])]"
"[8.0, 15.0, 20.0, 0.3]",[ 8.54076212 16.68808778 16.46388564  0.26324144],228.56,229.01279,"[array([ 8.54076212, 16.68808778, 16.46388564,  0.26324144]), array([ 8.54076212, 16.68808778, 16.46388564,  0.26324144]), array([ 8.72204166, 15.26392504, 16.63739558,  0.2889618 ]), array([ 8.36467754, 17.553188  , 15.44271608,  0.28750621]), array([ 8.        , 17.86887906, 16.48456092,  0.29581347])]"
"[8.0, 15.0, 25.0, 0.4]",[ 8.18544624 15.86885306 25.          0.25145267],213.66,212.73093,"[array([ 8.18544624, 15.86885306, 25.        ,  0.25145267]), array([ 8.34967655, 16.0364625 , 25.        ,  0.2587908 ]), array([ 8.        , 19.38885306, 25.        ,  0.26065817]), array([ 8.        , 15.87432424, 25.        ,  0.26181365]), array([ 8.00485954, 18.19247409, 25.        ,  0.28627651])]"
"[8.0, 20.0, 15.0, 0.3]",[ 8.        15.1503746 25.         0.2      ],197.73,206.14,"[array([ 8.       , 15.1503746, 25.       ,  0.2      ]), array([ 8.        , 17.52979862, 25.        ,  0.24479532]), array([ 8.        , 16.19921964, 25.        ,  0.2       ]), array([ 8.        , 15.09312954, 25.        ,  0.2       ]), array([ 8.        , 17.17088325, 25.        ,  0.24840788])]"
"[8.0, 20.0, 25.0, 0.2]",[ 8.         15.00249959 25.          0.23055197],205.25,206.14,"[array([ 8.        , 15.00249959, 25.        ,  0.23055197]), array([ 8.07857512, 17.56964023, 25.        ,  0.22152074]), array([ 8.        , 18.79641325, 25.        ,  0.2       ]), array([ 8.        , 16.81520661, 25.        ,  0.2       ]), array([ 8.        , 18.93716647, 25.        ,  0.2       ])]"
"[8.0, 20.0, 25.0, 0.3]",[ 8.25681032 20.         25.          0.20793787],215.7,215.64891,"[array([ 8.25681032, 20.        , 25.        ,  0.20793787]), array([ 8. , 20. , 25. ,  0.2]), array([ 8. , 20. , 25. ,  0.2]), array([ 8. , 20. , 25. ,  0.2]), array([ 8.0625576 , 20.        , 25.        ,  0.20049859])]"
"[10.0, 10.0, 15.0, 0.2]",[11.15436435 16.36717613 18.89696961  0.38798331],269.91,269.9157,"[array([11.15436435, 16.36717613, 18.89696961,  0.38798331]), array([11.23207223, 19.21537611, 17.47850909,  0.3054652 ]), array([11.72867337, 16.46087479, 18.37628369,  0.30554804]), array([11.15436435, 16.36717613, 18.89696961,  0.38798331]), array([10.58174998, 16.93014953, 19.82161565,  0.34746848])]"
"[10.0, 10.0, 25.0, 0.3]",[ 8.         10.76139608 18.86460451  0.29913068],239.28,239.52374,"[array([ 8.        , 10.76139608, 18.86460451,  0.29913068]), array([ 8.10435394, 12.44375496, 17.56056016,  0.2548097 ]), array([ 8.        , 10.88322226, 18.35031842,  0.28580039]), array([ 8.        , 10.87456165, 19.17678951,  0.29857695]), array([ 8.43897211, 10.41358293, 18.71873555,  0.26595762])]"
"[10.0, 15.0, 15.0, 0.2]",[10.26370656 10.         23.70183289  0.30498893],263.67,262.23813,"[array([10.26370656, 10.        , 23.70183289,  0.30498893]), array([11.63618282, 10.        , 23.55058413,  0.3632881 ]), array([10.25679801, 10.        , 24.36017961,  0.31285655]), array([11.13278348, 11.50759952, 23.70282602,  0.31253342]), array([10.08557924, 10.        , 23.17278585,  0.32482895])]"
"[10.0, 15.0, 15.0, 0.4]",[10.99584616 20.         21.20500492  0.30114156],277.71,277.80457,"[array([10.99584616, 20.        , 21.20500492,  0.30114156]), array([11.10634522, 20.        , 21.16906059,  0.35097833]), array([11.02134235, 20.        , 20.46597506,  0.30694091]), array([10.33169625, 20.        , 20.55543508,  0.30795657]), array([10.74325859, 20.        , 21.09881627,  0.32651507])]"
"[12.0, 10.0, 25.0, 0.4]",[ 8.16863091 12.97299299 24.94694343  0.4       ],247.13,247.67879,"[array([ 8.16863091, 12.97299299, 24.94694343,  0.4       ]), array([ 8.24276069, 13.07462076, 24.87557845,  0.4       ]), array([ 8.        , 14.30682766, 23.21868781,  0.4       ]), array([ 8.       , 14.2086896, 24.3745968,  0.4      ]), array([ 8.01762824, 14.        , 23.90177479,  0.4       ])]"
"[12.0, 20.0, 20.0, 0.2]",[12.         19.31287253 21.          0.35266728],307.42,308.5808,"[array([12.        , 19.31287253, 21.        ,  0.35266728]), array([12.        , 17.72321015, 20.89506318,  0.36036346]), array([12.        , 16.53232456, 21.77522014,  0.3980543 ]), array([12.        , 19.10253753, 20.38784758,  0.36180788]), array([12.        , 18.77696896, 20.17345491,  0.3410586 ])]"
"[12.0, 20.0, 25.0, 0.2]",[12.         20.         20.26140759  0.4       ],321.78,331.6963,"[array([12.        , 20.        , 20.26140759,  0.4       ]), array([12.        , 20.        , 21.52138421,  0.4       ]), array([12.        , 20.        , 20.73570828,  0.4       ]), array([12.        , 20.        , 20.63412207,  0.4       ]), array([12.        , 20.        , 21.27399736,  0.4       ])]"
"[10.0, 20.0, 15.0, 0.25]",[ 9.34180795 13.13418366 25.          0.33460507],235.04,234.82727,"[array([ 9.34180795, 13.13418366, 25.        ,  0.33460507]), array([ 9.89694603, 14.27534589, 25.        ,  0.3247945 ]), array([ 9.58259633, 13.91913229, 25.        ,  0.39897882]), array([ 9.22034358, 13.85381145, 25.        ,  0.34205877]), array([ 9.47366307, 14.28190994, 25.        ,  0.35230114])]"
"[10.0, 12.5, 15.0, 0.25]",[10.67890269 15.36773165 17.75358845  0.23665543],258.26,258.10358,"[array([10.67890269, 15.36773165, 17.75358845,  0.23665543]), array([10.42884913, 15.59905051, 17.21817589,  0.21824264]), array([10.49674401, 15.58630306, 19.07824975,  0.20519307]), array([11.02635449, 15.15372422, 17.66080628,  0.23863007]), array([10.27302684, 15.58448451, 19.75727115,  0.23315897])]"
"[9.0, 12.5, 22.5, 0.3]",[ 8.         13.35276897 22.0517845   0.35296464],235.75,235.66747,"[array([ 8.        , 13.35276897, 22.0517845 ,  0.35296464]), array([ 8.90285145, 12.62436291, 20.90516308,  0.36043974]), array([ 8.        , 13.2789892 , 20.22279713,  0.34726175]), array([ 8.        , 13.0890364 , 20.27200497,  0.36396482]), array([ 8.        , 13.88758584, 21.301529  ,  0.34006492])]"
"[10.0, 10.0, 20.0, 0.4]",[12.         16.7850371  23.59537373  0.22511477],278.34,277.7961,"[array([12.        , 16.7850371 , 23.59537373,  0.22511477]), array([12.        , 16.81143835, 23.94523791,  0.22781769]), array([12.        , 15.3894171 , 24.09222099,  0.21833985]), array([12.        , 16.96780504, 23.48560104,  0.22842723]), array([12.        , 16.9648083 , 22.73346285,  0.2       ])]"
"[10.0, 15.0, 20.0, 0.4]",[10.93587855 15.81028982 20.62694114  0.30939812],282.39,282.04013,"[array([10.93587855, 15.81028982, 20.62694114,  0.30939812]), array([11.2018644 , 17.76370111, 20.65586526,  0.30796729]), array([10.44113678, 15.01439688, 20.82397981,  0.30848741]), array([11.95804365, 17.08209829, 20.07307824,  0.35720003]), array([11.55184809, 15.93522145, 22.41414939,  0.31532118])]"
"[10.0, 15.0, 25.0, 0.3]",[12.         10.         15.81472187  0.4       ],278.22,276.26144,"[array([12.        , 10.        , 15.81472187,  0.4       ]), array([12.        , 10.00667444, 15.        ,  0.4       ]), array([12.       , 10.       , 15.1055788,  0.4      ]), array([12.        , 10.        , 17.57791979,  0.4       ]), array([12.        , 10.        , 15.88884913,  0.4       ])]"
"[10.0, 20.0, 15.0, 0.3]",[ 9.89024125 13.80840621 19.          0.28533577],244.04,244.10231,"[array([ 9.89024125, 13.80840621, 19.        ,  0.28533577]), array([ 9.26984544, 14.78359544, 18.84525481,  0.29807284]), array([ 9.8936499 , 13.53340773, 18.98726381,  0.28395772]), array([ 9.87455808, 14.        , 16.76793788,  0.27771493]), array([ 9.88761904, 12.68128659, 19.72626848,  0.26885626])]"
"[10.0, 20.0, 20.0, 0.2]",[12.         16.7274108  25.          0.30564471],285.67,286.61102,"[array([12.        , 16.7274108 , 25.        ,  0.30564471]), array([12.        , 16.        , 25.        ,  0.32560986]), array([12.        , 18.98025313, 25.        ,  0.33171588]), array([12.        , 18.21235071, 25.        ,  0.34613601]), array([12.        , 19.93539562, 25.        ,  0.30975642])]"
"[10.0, 20.0, 20.0, 0.4]",[12.         14.48260598 19.          0.4       ],280.62,280.69183,"[array([12.        , 14.48260598, 19.        ,  0.4       ]), array([12.        , 14.99493887, 19.21296773,  0.4       ]), array([12.        , 14.22261916, 19.16246393,  0.4       ]), array([12.        , 12.73751845, 15.44392574,  0.4       ]), array([12.        , 14.07628227, 19.00155136,  0.4       ])]"
"[12.0, 10.0, 15.0, 0.2]",[12.         16.95365263 25.          0.34373206],286.23,286.61102,"[array([12.        , 16.95365263, 25.        ,  0.34373206]), array([12.        , 17.40074293, 25.        ,  0.34294072]), array([12.        , 15.7183551 , 25.        ,  0.36705296]), array([12.        , 19.28906187, 25.        ,  0.39719689]), array([12.        , 19.24161127, 25.        ,  0.35570947])]"
"[12.0, 10.0, 15.0, 0.4]",[12.         18.07043087 15.          0.39961554],293.41,294.34628,"[array([12.        , 18.07043087, 15.        ,  0.39961554]), array([12.        , 17.22110054, 15.52430349,  0.30298487]), array([12.        , 16.46778519, 15.        ,  0.39980142]), array([12.        , 16.26059597, 15.        ,  0.31151633]), array([12.        , 16.19767497, 15.75635952,  0.37314184])]"
"[12.0, 10.0, 20.0, 0.2]",[11.48650772 16.49761898 18.06148661  0.30836381],271.2,271.18127,"[array([11.48650772, 16.49761898, 18.06148661,  0.30836381]), array([11.27319614, 18.31197235, 18.3805081 ,  0.33216253]), array([11.36839277, 15.67757383, 17.89597697,  0.35820142]), array([11.47191323, 17.54506435, 18.83638274,  0.32864885]), array([11.9901767 , 19.85963525, 19.13534183,  0.31442478])]"
"[12.0, 10.0, 20.0, 0.3]",[12.         16.07895073 25.          0.4       ],291.89,291.40707,"[array([12.        , 16.07895073, 25.        ,  0.4       ]), array([12.        , 16.30124483, 25.        ,  0.4       ]), array([12.        , 15.75580653, 25.        ,  0.4       ]), array([12.        , 17.55904543, 25.        ,  0.4       ]), array([12.        , 16.49446704, 25.        ,  0.4       ])]"
"[12.0, 10.0, 20.0, 0.4]",[12.         14.79401574 20.65187178  0.4       ],295.93,295.11108,"[array([12.        , 14.79401574, 20.65187178,  0.4       ]), array([12.        , 13.13816011, 20.60660864,  0.4       ]), array([12.        , 14.83965415, 20.45255909,  0.4       ]), array([12.        , 12.84441118, 20.33365486,  0.4       ]), array([12.        , 14.93090576, 21.12841566,  0.4       ])]"
"[12.0, 10.0, 25.0, 0.3]",[ 9.99989457 10.46512142 16.41295556  0.37296518],247.65,247.43112,"[array([ 9.99989457, 10.46512142, 16.41295556,  0.37296518]), array([ 9.8346697 , 10.86461177, 15.        ,  0.36510614]), array([ 9.21258121, 10.        , 16.18996402,  0.39552053]), array([ 9.69420445, 11.99251392, 15.85859633,  0.39359917]), array([ 9.63367514, 10.        , 15.        ,  0.36979712])]"
"[12.0, 15.0, 15.0, 0.4]",[12.         14.01310547 22.20088161  0.2811612 ],296.79,296.52798,"[array([12.        , 14.01310547, 22.20088161,  0.2811612 ]), array([12.        , 13.59483474, 22.01744747,  0.29090633]), array([12.        , 14.4667997 , 21.73495133,  0.25940784]), array([12.        , 13.69556093, 21.92452116,  0.25088825]), array([12.        , 12.85852418, 22.09278154,  0.2931612 ])]"
"[12.0, 15.0, 20.0, 0.2]",[12.         13.39862064 22.05409177  0.33414819],297.94,297.5489,"[array([12.        , 13.39862064, 22.05409177,  0.33414819]), array([12.        , 14.21743188, 20.49372495,  0.35648093]), array([12.        , 14.85124831, 21.35940907,  0.33145375]), array([12.        , 14.22657048, 21.69680011,  0.33401935]), array([12.        , 14.98131009, 21.53340244,  0.32000545])]"
"[12.0, 20.0, 20.0, 0.3]",[12.         20.         25.          0.30298496],327.77,324.40762,"[array([12.        , 20.        , 25.        ,  0.30298496]), array([12.        , 20.        , 25.        ,  0.31080776]), array([12.        , 20.        , 25.        ,  0.32421684]), array([12.        , 20.        , 25.        ,  0.31849768]), array([12.        , 20.        , 25.        ,  0.30676514])]"
"[10.0, 20.0, 22.5, 0.3]",[12.         19.15683576 21.22511387  0.29260305],300.27,303.52475,"[array([12.        , 19.15683576, 21.22511387,  0.29260305]), array([12.        , 17.97079348, 20.27734479,  0.29538924]), array([12.        , 18.14393367, 20.0010657 ,  0.28350583]), array([12.        , 19.6712409 , 20.83595365,  0.28465744]), array([12.        , 18.92088447, 22.36566217,  0.27452759])]"
"[10.0, 20.0, 22.5, 0.25]",[10.77483759 10.9497732  17.83578688  0.39828355],272.03,271.9313,"[array([10.77483759, 10.9497732 , 17.83578688,  0.39828355]), array([11.02741961, 10.95242438, 19.29815356,  0.35157783]), array([10.24270139, 10.        , 17.98905534,  0.36606172]), array([10.42357954, 11.21635122, 19.23052265,  0.38087568]), array([10.83314819, 10.        , 18.43883255,  0.30985757])]"
"[9.0, 20.0, 22.5, 0.25]",[10.67827896 20.         16.12356913  0.30270198],252.5,248.0964,"[array([10.67827896, 20.        , 16.12356913,  0.30270198]), array([10.9429153 , 20.        , 18.11817969,  0.33557942]), array([10.85963718, 20.        , 15.75355412,  0.32238396]), array([10.53374642, 20.        , 16.29839961,  0.31445183]), array([10.4       , 20.        , 18.06120875,  0.34266135])]"
"[9.0, 12.5, 22.5, 0.25]",[ 8.4041339  14.36371565 20.53844408  0.38012685],231.97,231.87077,"[array([ 8.4041339 , 14.36371565, 20.53844408,  0.38012685]), array([ 8.00142182, 14.03435377, 21.09828971,  0.30337828]), array([ 8.        , 13.52196448, 21.02513345,  0.39053443]), array([ 8.79799816, 14.55816735, 20.71375552,  0.34339964]), array([ 8.60057695, 14.98123895, 20.04183935,  0.32263054])]"
"[8.0, 10.0, 15.0, 0.3]",[ 8.         10.         19.68439205  0.32171281],235.5,235.31299,"[array([ 8.        , 10.        , 19.68439205,  0.32171281]), array([ 8.        , 10.        , 18.06488349,  0.31862101]), array([ 8.        , 10.        , 19.59522044,  0.32099771]), array([ 8.        , 10.        , 19.67619467,  0.32264251]), array([ 8.        , 10.        , 17.17637579,  0.36576106])]"
"[8.0, 10.0, 15.0, 0.4]",[ 9.61451207 10.74961861 17.05271141  0.392688  ],252.02,251.80493,"[array([ 9.61451207, 10.74961861, 17.05271141,  0.392688  ]), array([ 9.44874267, 11.392912  , 15.13373539,  0.39276423]), array([ 9.58875716, 10.41628941, 18.651953  ,  0.39383886]), array([ 9.36550535, 10.23308036, 15.59400282,  0.39875511]), array([ 9.61451207, 10.74961861, 17.05271141,  0.392688  ])]"
"[8.0, 15.0, 20.0, 0.4]",[ 9.63684725 12.59039777 19.92634535  0.20897237],242.01,242.50005,"[array([ 9.63684725, 12.59039777, 19.92634535,  0.20897237]), array([ 9.83077173, 14.24443097, 18.86360148,  0.2       ]), array([ 9.39183632, 13.65629955, 17.91721008,  0.24646544]), array([ 9.16069068, 14.4265898 , 19.35143495,  0.21985592]), array([ 9.48525082, 12.78594084, 16.74554627,  0.2       ])]"
"[8.0, 20.0, 15.0, 0.4]",[ 8.         20.         19.70390951  0.30469863],206.28,204.68646,"[array([ 8.        , 20.        , 19.70390951,  0.30469863]), array([ 8.        , 20.        , 17.49315257,  0.30150108]), array([ 8.        , 20.        , 17.06897099,  0.3335078 ]), array([ 8.        , 20.        , 17.27673674,  0.32249635]), array([ 8.        , 20.        , 17.59706042,  0.38632929])]"
"[8.0, 20.0, 20.0, 0.2]",[ 8.60450809 13.36337329 25.          0.2       ],206.69,204.05704,"[array([ 8.60450809, 13.36337329, 25.        ,  0.2       ]), array([ 8.      , 13.092723, 25.      ,  0.2     ]), array([ 8.4791362 , 14.94810408, 25.        ,  0.2       ]), array([ 8.40691802, 13.75990017, 25.        ,  0.2       ]), array([ 8.34973328, 12.97572695, 25.        ,  0.2       ])]"
"[8.0, 20.0, 20.0, 0.4]",[ 9.10416253 14.66118069 18.77506591  0.24509255],242.06,242.50005,"[array([ 9.10416253, 14.66118069, 18.77506591,  0.24509255]), array([ 9.02842126, 14.55979815, 19.35713004,  0.2       ]), array([ 9.33563008, 14.20010225, 19.25254782,  0.2       ]), array([ 9.18132618, 12.57835781, 16.46691807,  0.2       ]), array([ 9.4684132 , 13.75043562, 17.44972969,  0.2095048 ])]"
"[10.0, 10.0, 15.0, 0.4]",[12.         16.08498731 18.76556915  0.28121626],291.99,291.27728,"[array([12.        , 16.08498731, 18.76556915,  0.28121626]), array([12.        , 15.731683  , 19.31344894,  0.27286668]), array([12.        , 19.60839571, 18.38370367,  0.28786157]), array([12.        , 15.12751609, 15.17907121,  0.26842368]), array([12.        , 16.        , 19.32504874,  0.28785206])]"
"[10.0, 15.0, 15.0, 0.3]",[10.60734177 20.         25.          0.20328336],269.29,270.73566,"[array([10.60734177, 20.        , 25.        ,  0.20328336]), array([11.73309792, 20.        , 25.        ,  0.22002308]), array([10.4       , 20.        , 25.        ,  0.21368615]), array([10.44686504, 20.        , 25.        ,  0.2       ]), array([10.39552796, 20.        , 25.        ,  0.2       ])]"
"[10.0, 20.0, 25.0, 0.2]",[10.39503746 20.         21.12486368  0.39658882],278.1,278.47385,"[array([10.39503746, 20.        , 21.12486368,  0.39658882]), array([10.67297436, 20.        , 20.28002242,  0.37602125]), array([10.7572793 , 20.        , 21.67712284,  0.38686709]), array([10.41186506, 20.        , 20.95100337,  0.39594948]), array([10.39082863, 20.        , 22.3704706 ,  0.39469138])]"
"[10.0, 20.0, 25.0, 0.3]",[10.43203656 20.         24.79446075  0.24677686],280.95,281.4282,"[array([10.43203656, 20.        , 24.79446075,  0.24677686]), array([11.71933542, 20.        , 23.10756692,  0.21213743]), array([10.97329604, 20.        , 24.79778597,  0.2       ]), array([11.38548708, 20.        , 24.1407901 ,  0.23120919]), array([10.4       , 20.        , 23.28451052,  0.21457613])]"
"[12.0, 10.0, 25.0, 0.2]",[ 8.61689272 11.59202942 21.          0.30214512],234.13,233.99812,"[array([ 8.61689272, 11.59202942, 21.        ,  0.30214512]), array([ 8.67504691, 10.71529454, 20.74032472,  0.31258281]), array([ 8.48103062, 10.        , 20.00353757,  0.30477054]), array([ 8.28541969, 12.06357253, 21.89786383,  0.32082702]), array([ 8.        , 10.82685109, 21.54757643,  0.31467071])]"
"[12.0, 15.0, 15.0, 0.2]",[11.01424804 19.85283742 23.75679408  0.22213796],271.93,272.4999,"[array([11.01424804, 19.85283742, 23.75679408,  0.22213796]), array([10.11176568, 19.87040092, 22.5822066 ,  0.20000227]), array([10.95070674, 18.67764794, 22.99981927,  0.2       ]), array([10.74883925, 19.35021252, 23.00746014,  0.21195621]), array([10.53290205, 19.85631504, 24.68243655,  0.20548626])]"
"[12.0, 15.0, 25.0, 0.4]",[12.         17.64475318 25.          0.4       ],288.0,287.8267,"[array([12.        , 17.64475318, 25.        ,  0.4       ]), array([12.        , 16.03229584, 25.        ,  0.4       ]), array([12.        , 16.42622777, 25.        ,  0.4       ]), array([12.        , 16.88403635, 25.        ,  0.4       ]), array([12.        , 18.56329131, 25.        ,  0.4       ])]"
"[12.0, 20.0, 15.0, 0.4]",[11.41345383 20.         21.18995999  0.2       ],279.25,279.18857,"[array([11.41345383, 20.        , 21.18995999,  0.2       ]), array([11.34463291, 20.        , 21.39224238,  0.20204747]), array([11.33423813, 20.        , 21.62776856,  0.2       ]), array([11.27411474, 20.        , 20.27782997,  0.2       ]), array([11.36007975, 20.        , 20.51122531,  0.2       ])]"
"[9.0, 20.0, 15.0, 0.3]",[ 9.01660575 12.87292488 25.          0.21520794],216.53,216.33563,"[array([ 9.01660575, 12.87292488, 25.        ,  0.21520794]), array([ 9.22546445, 14.36482311, 25.        ,  0.20194064]), array([ 9.2670707 , 14.31526028, 25.        ,  0.21677742]), array([ 9.44474626, 12.68130683, 25.        ,  0.21633622]), array([ 9.23559291, 14.95933844, 25.        ,  0.21796466])]"
"[10.0, 12.5, 15.0, 0.3]",[10.03956376 13.73077796 23.34652744  0.27182843],259.61,259.7236,"[array([10.03956376, 13.73077796, 23.34652744,  0.27182843]), array([11.66750136, 13.2263852 , 23.04666011,  0.28483207]), array([10.19323826, 13.03088626, 24.71755051,  0.29847609]), array([10.81065581, 13.94948938, 22.63984283,  0.27349846]), array([10.60631003, 13.21149733, 24.16476671,  0.29671246])]"
"[9.0, 20.0, 22.5, 0.3]",[ 9.68697297 13.62157702 19.3222891   0.34272666],247.16,247.35999,"[array([ 9.68697297, 13.62157702, 19.3222891 ,  0.34272666]), array([ 9.71321766, 14.02869246, 19.36499046,  0.30212109]), array([ 9.76894275, 13.2384234 , 19.19741154,  0.38212109]), array([ 9.1864192 , 13.29075278, 19.84802861,  0.3875388 ]), array([ 9.49612125, 14.79473807, 18.64907109,  0.33418061])]"
"[9.0, 20.0, 15.0, 0.25]",[ 8.         20.         16.29149055  0.32087666],212.82,204.68646,"[array([ 8.        , 20.        , 16.29149055,  0.32087666]), array([ 8.        , 20.        , 15.47508693,  0.38208229]), array([ 8.        , 20.        , 15.        ,  0.36852048]), array([ 8.        , 20.        , 16.18528704,  0.35229154]), array([ 8.        , 20.        , 16.83593938,  0.3280955 ])]"
"[9.0, 12.5, 15.0, 0.25]",[ 9.77886909 12.66758126 19.50053523  0.25874829],244.43,244.18866,"[array([ 9.77886909, 12.66758126, 19.50053523,  0.25874829]), array([ 9.66245322, 14.06091886, 19.0627141 ,  0.26544767]), array([ 9.77839501, 14.        , 18.16224864,  0.28782223]), array([ 9.23632397, 13.61110569, 15.44520446,  0.28424833]), array([ 9.26016805, 14.43022052, 19.40121203,  0.26111957])]"
