test_index,target,prediction_mean,prediction_std,prediction_ci_low,prediction_ci_high,replica_predictions,best_candidate,top_candidates,replica_times,final_costs_replicas,avg_cost_history,input_0,input_1,input_2,input_3
0,342.45,284.01121215820314,1.046833020496621,282.7113972845216,285.3110270318847,"[284.4793701171875, 284.4793701171875, 284.4793701171875, 284.4793701171875, 282.1385803222656]",[10.21484594 15.41704812 22.61901813  0.36672999],"[array([11.02874544, 18.22634231, 20.49839313,  0.37360138]), array([11.47336065, 19.33183418, 22.17707326,  0.39784142]), array([11.60081609, 16.49999703, 21.69216423,  0.23153466]), array([11.52825758, 16.08347508, 21.89617036,  0.24519407]), array([11.33696081, 15.0112488 , 21.19962382,  0.23012251])]","[1.0562002658843994, 0.8519608974456787, 0.6228618621826172, 1.010936975479126, 1.204249620437622]","[3360.595458984375, 3360.595458984375, 3360.595458984375, 3360.595458984375, 3637.46875]","[4097.60009765625, 4097.60009765625, 4097.60009765625, 4097.60009765625, 4097.60009765625, 4097.60009765625, 3828.99453125, 3481.28291015625, 3481.28291015625, 3481.28291015625, 3481.28291015625, 3425.908251953125, 3425.908251953125, 3425.908251953125, 3425.908251953125, 3425.908251953125, 3425.908251953125, 3415.9701171875, 3415.9701171875, 3415.9701171875, 3415.9701171875, 3429.8137817382812, 3429.8137817382812, 3429.8137817382812, 3429.8137817382812, 3429.8137817382812, 3429.8137817382812, 3429.8137817382812, 3429.8137817382812, 3499.0321044921875, 3499.0321044921875, 3499.0321044921875, 3499.0321044921875, 3637.46875, 3637.46875, 3637.46875, 3637.46875, 3637.46875, 3637.46875]",12.0,20.0,25.0,0.4
1,337.88,281.24189453125,3.4651490362181887,276.9393437245674,285.54444533793264,"[282.1385803222656, 284.4793701171875, 282.1385803222656, 275.3143615722656, 282.1385803222656]",[10.91053049 17.08547212 23.80217911  0.35331062],"[array([11.53629744, 16.30126393, 20.93888721,  0.33448789]), array([10.6939785 , 17.11214882, 20.86796596,  0.2278191 ]), array([10.24429159, 15.44963547, 18.11419742,  0.30812713]), array([11.2365218 , 15.35068931, 18.57703654,  0.32518441]), array([11.51066745, 12.43340416, 23.2867376 ,  0.34422054])]","[0.7434022426605225, 0.720301628112793, 0.731203556060791, 0.7245371341705322, 0.7204270362854004]","[3107.1064453125, 2851.627685546875, 3107.1064453125, 3914.459716796875, 3107.1064453125]","[3617.09052734375, 3617.09052734375, 3217.48134765625, 3217.48134765625, 3217.48134765625, 3217.48134765625, 3217.48134765625, 3217.48134765625, 3217.48134765625, 3217.48134765625, 3217.48134765625, 3217.48134765625, 3217.48134765625, 3217.48134765625, 3217.48134765625, 3217.48134765625, 3217.48134765625, 3217.48134765625, 3217.48134765625, 3217.48134765625, 3217.48134765625, 3107.1064453125, 3107.1064453125]",12.0,20.0,20.0,0.4
2,278.4,280.29052734375,2.844925490353728,276.7580857848056,283.8229689026944,"[280.54364013671875, 281.72802734375, 281.72802734375, 282.1385803222656, 275.3143615722656]",[11.45418297 15.53770148 23.03561223  0.24956481],"[array([11.53821778, 18.85944492, 22.1563532 ,  0.2939431 ]), array([11.43436414, 18.61178461, 23.31976653,  0.26014096]), array([11.39954113, 11.233547  , 16.82329722,  0.34026105]), array([10.86524398, 11.05324956, 15.62970858,  0.39177672]), array([11.35106978, 13.1654539 , 20.00093441,  0.20377542])]","[1.2318849563598633, 1.4878826141357422, 1.4385159015655518, 0.8888962268829346, 0.8895113468170166]","[4.595219135284424, 11.075806617736816, 11.075806617736816, 13.977028846740723, 9.521126747131348]","[65.38946628570557, 47.182644844055176, 25.52094211578369, 21.783623123168944, 18.046304130554198, 18.046304130554198, 17.101961517333983, 17.101961517333983, 17.101961517333983, 17.101961517333983, 17.101961517333983, 17.101961517333983, 12.505603981018066, 12.505603981018066, 12.505603981018066, 10.629242038726806, 10.629242038726806, 10.629242038726806, 10.629242038726806, 10.629242038726806, 10.629242038726806, 10.180965304374695, 10.180965304374695, 10.180965304374695, 10.180965304374695, 8.915610790252686, 8.915610790252686, 7.83551287651062, 7.83551287651062, 7.83551287651062, 7.83551287651062, 7.83551287651062, 7.83551287651062, 7.83551287651062, 7.83551287651062, 7.83551287651062, 7.83551287651062, 11.075806617736816, 11.075806617736816, 11.075806617736816, 11.075806617736816, 11.075806617736816, 11.075806617736816]",12.0,20.0,15.0,0.3
3,260.71,260.5067993164063,1.0506845221438696,259.2022021717903,261.81139646102224,"[261.2140197753906, 261.2140197753906, 260.02239990234375, 261.2140197753906, 258.8695373535156]",[11.84959295 10.87492775 23.366337    0.31622836],"[array([11.58116838, 14.77053354, 19.3210524 ,  0.26083447]), array([10.98688709, 13.04788243, 19.28712892,  0.33679358]), array([11.57468321, 13.38155305, 18.7350801 ,  0.37792361]), array([11.68890112, 16.04781768, 17.17626551,  0.3363324 ]), array([11.71375888, 18.28691287, 18.56312438,  0.39969232])]","[0.7445530891418457, 1.363757610321045, 0.7123105525970459, 1.211719036102295, 0.8219192028045654]","[0.2540445625782013, 0.2540445625782013, 0.4727821350097656, 0.2540445625782013, 3.3872714042663574]","[1.5993084967136384, 1.5993084967136384, 1.5993084967136384, 1.5993084967136384, 1.5993084967136384, 1.5993084967136384, 1.5993084967136384, 1.5993084967136384, 1.5993084967136384, 1.5993084967136384, 1.5993084967136384, 1.5993084967136384, 1.5993084967136384, 1.5555609822273255, 1.5555609822273255, 1.5555609822273255, 1.5555609822273255, 1.5555609822273255, 0.9244374454021453, 0.9244374454021453, 0.9244374454021453, 0.2540445625782013, 0.2540445625782013, 0.2540445625782013, 0.2540445625782013, 0.2540445625782013, 0.2540445625782013, 0.2540445625782013, 0.2540445625782013, 0.2540445625782013, 0.2540445625782013, 0.2540445625782013, 0.2540445625782013, 0.2540445625782013, 0.2540445625782013, 0.2540445625782013, 0.2540445625782013, 0.2540445625782013, 0.2540445625782013]",10.0,12.5,22.5,0.25
4,228.21,228.6005889892578,1.5962731116208069,226.61855413525754,230.58262384325806,"[229.80300903320312, 226.2962188720703, 227.5901336669922, 229.35325622558594, 229.9603271484375]",[ 8.56026175 12.89433175 19.13160552  0.25039793],"[array([ 8.3447218 , 18.10082394, 20.37837244,  0.2637474 ]), array([ 8.403866  , 16.42110977, 18.15120276,  0.25904725]), array([ 8.74115445, 19.28745768, 16.20058564,  0.25298406]), array([ 8.43526803, 19.32637579, 15.75677213,  0.35901705]), array([ 8.11812316, 16.64632628, 22.9442948 ,  0.32822669])]","[0.7274880409240723, 1.1582260131835938, 1.2725193500518799, 1.358841896057129, 0.8229494094848633]","[2.537656307220459, 3.662583827972412, 0.38424259424209595, 1.3070194721221924, 3.0636215209960938]","[52.244651556015015, 52.244651556015015, 52.244651556015015, 45.09958624839783, 2.3922377228736877, 2.3922377228736877, 2.3922377228736877, 2.3922377228736877, 2.3922377228736877, 2.3922377228736877, 2.3922377228736877, 2.1910247445106505, 2.1910247445106505, 2.1910247445106505, 2.1910247445106505, 2.1910247445106505, 2.1910247445106505, 2.1910247445106505, 2.1910247445106505, 2.1910247445106505, 2.1910247445106505, 2.023413211107254, 2.023413211107254, 2.023413211107254, 2.023413211107254, 3.662583827972412, 3.662583827972412, 3.662583827972412, 3.662583827972412, 3.662583827972412, 3.662583827972412, 3.662583827972412, 3.662583827972412]",10.0,10.0,25.0,0.2
5,334.54,284.01121215820314,1.046833020496621,282.7113972845216,285.3110270318847,"[284.4793701171875, 284.4793701171875, 284.4793701171875, 284.4793701171875, 282.1385803222656]",[11.11135178 15.37040402 23.13901013  0.38031265],"[array([11.09058435, 15.22889867, 21.24233845,  0.33985657]), array([10.35687776, 17.82404529, 21.1310248 ,  0.31462354]), array([10.88311439, 19.42682388, 21.83712145,  0.3295048 ]), array([11.43733261, 10.12081175, 15.33540061,  0.22883376]), array([10.0282429 , 13.76060601, 20.54460324,  0.24810417])]","[2.1681454181671143, 1.0833475589752197, 0.7775602340698242, 1.4983866214752197, 1.3508532047271729]","[2506.067626953125, 2506.067626953125, 2506.067626953125, 2506.067626953125, 2745.90966796875]","[3520.43212890625, 3520.43212890625, 3178.858544921875, 3178.858544921875, 2976.659130859375, 2976.659130859375, 2976.659130859375, 2928.69072265625, 2928.69072265625, 2928.69072265625, 2658.61201171875, 2658.61201171875, 2658.61201171875, 2658.61201171875, 2658.61201171875, 2658.61201171875, 2658.61201171875, 2610.643603515625, 2610.643603515625, 2610.643603515625, 2602.004443359375, 2602.004443359375, 2602.004443359375, 2625.9886474609375, 2625.9886474609375, 2625.9886474609375, 2625.9886474609375, 2625.9886474609375, 2625.9886474609375, 2665.9623209635415, 2665.9623209635415, 2625.9886474609375, 2625.9886474609375, 2625.9886474609375, 2625.9886474609375, 2506.067626953125, 2506.067626953125, 2506.067626953125, 2506.067626953125, 2506.067626953125, 2506.067626953125, 2506.067626953125, 2506.067626953125, 2506.067626953125, 2506.067626953125, 2506.067626953125, 2506.067626953125, 2506.067626953125, 2506.067626953125, 2506.067626953125, 2506.067626953125, 2506.067626953125, 2506.067626953125, 2506.067626953125, 2506.067626953125, 2506.067626953125, 2506.067626953125]",12.0,20.0,25.0,0.3
6,272.24,272.52330322265624,0.36108185107856405,272.0749608877672,272.9716455575453,"[271.87738037109375, 272.6847839355469, 272.6847839355469, 272.6847839355469, 272.6847839355469]",[10.12725567 10.74800266 19.63570994  0.22827265],"[array([11.07649468, 12.05316875, 17.52386435,  0.39659973]), array([11.65003393, 11.07925614, 17.92801655,  0.38527236]), array([11.08772202, 17.12541245, 20.6282153 ,  0.25234828]), array([11.05833641, 14.58712385, 21.34093169,  0.20235033]), array([11.35287335, 12.11220798, 16.90884811,  0.26661549])]","[1.2783234119415283, 1.9220869541168213, 1.0919713973999023, 1.8885536193847656, 1.5663511753082275]","[0.13148590922355652, 0.19784143567085266, 0.19784143567085266, 0.19784143567085266, 0.19784143567085266]","[29.642801624536514, 27.524184376001358, 27.524184376001358, 17.640871387720107, 17.640871387720107, 10.91517424583435, 10.91517424583435, 10.91517424583435, 10.91517424583435, 10.91517424583435, 9.087358617782593, 9.087358617782593, 5.277545839548111, 5.277545839548111, 5.277545839548111, 0.39293543100357053, 0.39293543100357053, 0.39293543100357053, 0.39293543100357053, 0.39293543100357053, 0.39293543100357053, 0.44170892983675003, 0.44170892983675003, 0.44170892983675003, 0.44170892983675003, 0.18125255405902863, 0.18125255405902863, 0.19784143567085266, 0.19784143567085266, 0.19784143567085266, 0.19784143567085266, 0.19784143567085266, 0.19784143567085266, 0.19784143567085266, 0.19784143567085266, 0.19784143567085266, 0.19784143567085266, 0.19784143567085266, 0.19784143567085266, 0.19784143567085266, 0.19784143567085266, 0.19784143567085266, 0.19784143567085266, 0.19784143567085266, 0.19784143567085266, 0.19784143567085266, 0.19784143567085266]",12.0,15.0,25.0,0.2
7,249.42,248.98212890625,2.0002498531294903,246.49849067620676,251.46576713629327,"[249.6628875732422, 245.6394500732422, 250.44752502441406, 248.7132568359375, 250.44752502441406]",[ 9.62909317 10.96885419 16.16080272  0.27209074],"[array([ 9.3023727 , 10.32694117, 17.07528022,  0.24469734]), array([ 9.69077662, 10.81425535, 17.20442705,  0.20753481]), array([11.40876266, 12.4951619 , 23.65603812,  0.27551535]), array([11.47054378, 10.09599427, 24.14806983,  0.25605152]), array([10.12795853, 13.12497436, 23.21273496,  0.25183181])]","[1.0682883262634277, 0.9083144664764404, 1.4163563251495361, 1.0515198707580566, 1.0773916244506836]","[0.058995261788368225, 14.2925443649292, 1.0558114051818848, 0.4994833171367645, 1.0558114051818848]","[5.026961615681648, 4.346017071604729, 4.346017071604729, 4.346017071604729, 4.346017071604729, 4.346017071604729, 4.346017071604729, 3.962208077311516, 3.962208077311516, 3.962208077311516, 3.3925291508436204, 3.3925291508436204, 3.3925291508436204, 3.3925291508436204, 3.3925291508436204, 3.3925291508436204, 3.3925291508436204, 3.3925291508436204, 3.3925291508436204, 3.3925291508436204, 3.3925291508436204, 0.8703687091668447, 0.8703687091668447, 1.0558114051818848, 1.0558114051818848, 1.0558114051818848, 1.0558114051818848, 1.0558114051818848, 1.0558114051818848, 1.0558114051818848, 1.0558114051818848]",10.0,15.0,25.0,0.2
8,232.62,232.63924255371094,3.0366053172269223,228.86879905455615,236.40968605286574,"[235.9719696044922, 229.9603271484375, 229.2620086669922, 232.68072509765625, 235.32118225097656]",[ 8.94165404 11.66235307 21.39973678  0.2128923 ],"[array([ 8.90674659, 11.37041183, 21.72099853,  0.3003604 ]), array([ 8.92803267, 12.8766675 , 20.40901852,  0.27038847]), array([ 8.97330349, 14.80569485, 17.471443  ,  0.37701784]), array([ 8.81685624, 10.07617484, 16.39626237,  0.28857722]), array([ 8.49615749, 16.09236293, 18.90790755,  0.37525204])]","[0.9983291625976562, 1.6508424282073975, 1.013051986694336, 0.7872755527496338, 0.9985017776489258]","[11.235733032226562, 7.07383394241333, 11.276073455810547, 0.0036881305277347565, 7.296411991119385]","[31.873606300354005, 31.873606300354005, 31.873606300354005, 31.873606300354005, 30.902731186896563, 21.796933037787674, 21.796933037787674, 18.747660119086504, 18.747660119086504, 18.747660119086504, 7.549463421851397, 7.549463421851397, 7.549463421851397, 7.549463421851397, 7.549463421851397, 7.549463421851397, 7.377148110419512, 7.377148110419512, 7.377148110419512, 7.377148110419512, 7.377148110419512, 6.412501879967749, 6.412501879967749, 6.412501879967749, 6.412501879967749, 8.548773129781088, 8.548773129781088, 8.548773129781088, 8.548773129781088, 7.185122966766357, 7.185122966766357, 7.07383394241333, 7.07383394241333, 7.07383394241333, 7.07383394241333, 7.07383394241333, 7.07383394241333]",8.0,10.0,15.0,0.2
9,238.63,239.5943115234375,0.7615440283195597,238.64872972042605,240.53989332644898,"[239.04054260253906, 239.04054260253906, 239.04054260253906, 240.32534790039062, 240.5245819091797]",[ 8.95222998 10.23878792 18.29744233  0.25432469],"[array([ 9.87578994, 19.69215082, 15.85805937,  0.2097482 ]), array([ 9.42977274, 15.97423692, 19.63424961,  0.28798955]), array([ 9.36439452, 13.09771284, 23.12677115,  0.32707416]), array([ 9.11588018, 10.87545761, 20.33949041,  0.28176558]), array([ 8.57432244, 14.34513841, 22.28826088,  0.29665233])]","[0.795764684677124, 0.6445388793945312, 2.1596670150756836, 0.8144009113311768, 0.642305850982666]","[0.16854122281074524, 0.16854122281074524, 0.16854122281074524, 2.87418794631958, 3.5894222259521484]","[5.546638542413712, 5.546638542413712, 5.546638542413712, 5.354788929224014, 4.417477810382843, 4.417477810382843, 2.116998541355133, 2.116998541355133, 2.116998541355133, 2.0780229687690737, 2.0780229687690737, 2.0780229687690737, 2.0780229687690737, 2.0780229687690737, 2.0780229687690737, 2.0780229687690737, 2.0780229687690737, 2.027799332141876, 2.027799332141876, 2.027799332141876, 2.027799332141876, 2.127011070648829, 2.127011070648829, 2.127011070648829, 2.127011070648829, 3.338304042816162, 3.338304042816162, 3.338304042816162, 3.338304042816162, 3.338304042816162, 3.338304042816162, 3.338304042816162, 3.338304042816162, 0.16854122281074524, 0.16854122281074524, 0.16854122281074524, 0.16854122281074524, 0.16854122281074524, 0.16854122281074524, 0.16854122281074524, 0.16854122281074524, 0.16854122281074524, 0.16854122281074524, 0.16854122281074524, 0.16854122281074524, 0.16854122281074524, 0.16854122281074524, 0.16854122281074524, 0.16854122281074524, 0.16854122281074524, 0.16854122281074524, 0.16854122281074524, 0.16854122281074524, 0.16854122281074524, 0.16854122281074524]",8.0,15.0,15.0,0.3
10,297.65,283.4609436035156,1.4020717797430966,281.7200415517111,285.2018456553201,"[284.4793701171875, 281.72802734375, 284.4793701171875, 284.4793701171875, 282.1385803222656]",[11.91669822 18.75354514 23.34641752  0.35393125],"[array([11.22317371, 17.91059131, 20.65727291,  0.36757741]), array([10.01915608, 19.85755478, 20.82580051,  0.39970957]), array([10.3827757 , 15.25694829, 22.80357308,  0.219052  ]), array([11.16511036, 17.85593713, 22.6234987 ,  0.22622288]), array([11.66910321, 10.67482815, 21.04408716,  0.38013248])]","[0.9987316131591797, 0.9405291080474854, 0.8973140716552734, 0.8256545066833496, 0.7460300922393799]","[173.46533203125, 253.50901794433594, 173.46533203125, 173.46533203125, 240.6039581298828]","[590.0982116699219, 443.27712097167966, 443.27712097167966, 443.27712097167966, 328.5128143310547, 229.7572448730469, 216.32951965332032, 202.90179443359375, 202.90179443359375, 202.90179443359375, 202.90179443359375, 202.90179443359375, 202.90179443359375, 202.90179443359375, 202.90179443359375, 202.90179443359375, 202.90179443359375, 202.90179443359375, 202.90179443359375, 202.90179443359375, 202.90179443359375, 202.90179443359375, 202.90179443359375, 193.47625350952148, 193.47625350952148, 200.1465606689453, 200.1465606689453, 173.46533203125, 173.46533203125]",12.0,15.0,15.0,0.3
11,256.11,256.9119445800781,1.2279705098160543,255.3872178071836,258.4366713529726,"[258.8695373535156, 255.86544799804688, 256.9796447753906, 255.86544799804688, 256.9796447753906]",[11.20355905 10.9202453  23.64736246  0.2380767 ],"[array([10.82103954, 14.86546524, 24.82507387,  0.23749927]), array([11.21324649, 18.13398713, 15.82934147,  0.27661018]), array([11.57965066, 17.93513674, 15.27762693,  0.25300421]), array([11.19354103, 16.00401097, 16.56259971,  0.27793653]), array([10.88529798, 13.406692  , 24.7729922 ,  0.26607197])]","[0.6765265464782715, 0.6528687477111816, 1.3456833362579346, 0.7440440654754639, 0.7347657680511475]","[7.615127086639404, 0.05979851633310318, 0.7563075423240662, 0.05979851633310318, 0.7563075423240662]","[3.2212317496538163, 3.2212317496538163, 3.2212317496538163, 3.2212317496538163, 3.2212317496538163, 3.2212317496538163, 3.2212317496538163, 3.2212317496538163, 3.2212317496538163, 3.2212317496538163, 3.2212317496538163, 3.2212317496538163, 3.2212317496538163, 3.2212317496538163, 3.2212317496538163, 3.2212317496538163, 3.2212317496538163, 3.2212317496538163, 3.2212317496538163, 3.2212317496538163, 1.8494678407907486, 0.7563075423240662, 0.7563075423240662, 0.7563075423240662, 0.7563075423240662, 0.7563075423240662, 0.7563075423240662, 0.7563075423240662, 0.7563075423240662, 0.7563075423240662, 0.7563075423240662, 0.7563075423240662, 0.7563075423240662, 0.7563075423240662, 0.7563075423240662, 0.7563075423240662, 0.7563075423240662, 0.7563075423240662, 0.7563075423240662, 0.7563075423240662, 0.7563075423240662]",10.0,10.0,20.0,0.2
12,196.63,218.08274841308594,3.430277826888711,213.82349593160157,222.3420008945703,"[221.19728088378906, 216.88804626464844, 213.5819854736328, 216.88804626464844, 221.85838317871094]",[ 8.48211912 13.36935064 24.46307465  0.2237776 ],"[array([ 8.87732996, 15.91655536, 15.26503185,  0.22556725]), array([ 8.32961954, 15.31590809, 17.85879479,  0.20934354]), array([ 8.11175329, 15.7902494 , 17.60302172,  0.30925598]), array([ 8.31124675, 19.0151509 , 17.66817108,  0.3447586 ]), array([ 8.5718413 , 14.81140989, 17.55955888,  0.35304266])]","[0.928612232208252, 1.1437554359436035, 0.8376693725585938, 1.6625123023986816, 1.5907351970672607]","[603.551025390625, 410.38824462890625, 287.3696594238281, 410.38824462890625, 636.4710693359375]","[864.8450927734375, 864.8450927734375, 864.8450927734375, 864.8450927734375, 864.8450927734375, 858.261083984375, 742.8970520019532, 742.8970520019532, 742.8970520019532, 742.8970520019532, 642.9209167480469, 642.9209167480469, 642.9209167480469, 580.8823303222656, 580.8823303222656, 580.8823303222656, 580.8823303222656, 580.8823303222656, 580.8823303222656, 580.8823303222656, 580.8823303222656, 543.6903747558594, 543.6903747558594, 543.6903747558594, 543.6903747558594, 543.6903747558594, 469.63364868164064, 485.7491861979167, 485.7491861979167, 485.7491861979167, 485.7491861979167, 485.7491861979167, 485.7491861979167, 485.7491861979167, 485.7491861979167, 523.4296569824219, 523.4296569824219, 523.4296569824219, 523.4296569824219, 523.4296569824219, 523.4296569824219, 523.4296569824219, 523.4296569824219, 410.38824462890625, 410.38824462890625, 410.38824462890625, 410.38824462890625]",8.0,20.0,15.0,0.2
13,232.08,231.529638671875,1.5761900025959672,229.5725402913229,233.48673705242712,"[232.68072509765625, 232.68072509765625, 229.80300903320312, 232.68072509765625, 229.80300903320312]",[ 8.51894818 10.13199597 20.68008108  0.21496005],"[array([ 8.33453888, 17.90024249, 21.76402951,  0.35571394]), array([ 9.65710914, 10.65845094, 24.4077984 ,  0.27594942]), array([ 8.4921287 , 13.66161399, 22.27577233,  0.26990831]), array([ 8.25271512, 12.08417088, 21.45516638,  0.38611209]), array([ 8.87465134, 10.2627228 , 22.07251861,  0.37348607])]","[0.9530167579650879, 1.1243011951446533, 0.7004399299621582, 0.7054884433746338, 1.7421681880950928]","[0.3608684539794922, 0.3608684539794922, 5.184696197509766, 0.3608684539794922, 5.184696197509766]","[11.520972442626952, 11.520972442626952, 11.520972442626952, 10.556206893920898, 10.556206893920898, 4.54400634765625, 4.54400634765625, 4.54400634765625, 4.54400634765625, 3.704625701904297, 3.704625701904297, 3.704625701904297, 2.5151298522949217, 2.5151298522949217, 2.5151298522949217, 2.5151298522949217, 2.5151298522949217, 2.5151298522949217, 2.5151298522949217, 2.5151298522949217, 2.5151298522949217, 2.3433615366617837, 2.3433615366617837, 2.3433615366617837, 1.96881103515625, 2.772782325744629, 2.772782325744629, 2.772782325744629, 2.772782325744629, 2.772782325744629, 2.772782325744629, 2.772782325744629, 2.772782325744629, 5.184696197509766, 5.184696197509766, 5.184696197509766, 5.184696197509766, 5.184696197509766, 5.184696197509766, 5.184696197509766, 5.184696197509766, 5.184696197509766, 5.184696197509766, 5.184696197509766, 5.184696197509766]",8.0,10.0,20.0,0.3
14,264.86,265.16193237304685,0.7086796008279668,264.28199042643735,266.04187431965636,"[264.8450012207031, 264.8450012207031, 264.8450012207031, 266.4296569824219, 264.8450012207031]",[10.78648098 14.64816259 16.13987832  0.36764743],"[array([10.21169587, 13.77658073, 17.44284356,  0.36319421]), array([11.24621381, 17.99726326, 16.35372033,  0.35389545]), array([11.66556379, 19.16129452, 17.96083653,  0.33316096]), array([10.49362515, 19.0617869 , 19.29003293,  0.36884666]), array([11.58342916, 15.84022201, 15.30272461,  0.31981206])]","[0.9114048480987549, 1.2406535148620605, 0.8595840930938721, 1.2017793655395508, 1.6932923793792725]","[0.00022452417761087418, 0.00022452417761087418, 0.00022452417761087418, 2.463869094848633, 0.00022452417761087418]","[10.314901542663574, 9.679821014404297, 9.679821014404297, 8.190611171722413, 7.634985242970288, 1.921011945977807, 1.921011945977807, 1.921011945977807, 1.921011945977807, 1.921011945977807, 1.921011945977807, 1.921011945977807, 1.921011945977807, 1.2443825934082269, 0.9856823524460196, 0.9856823524460196, 0.9856823524460196, 0.9856823524460196, 0.9856823524460196, 0.9856823524460196, 0.9856823524460196, 0.9856823524460196, 0.9856823524460196, 0.9856823524460196, 0.9856823524460196, 0.6161356668453664, 0.6161356668453664, 0.8214393810679516, 0.8214393810679516, 0.8214393810679516, 0.8214393810679516, 0.8214393810679516, 0.8214393810679516, 0.8214393810679516, 0.8214393810679516, 0.00022452417761087418, 0.00022452417761087418, 0.00022452417761087418, 0.00022452417761087418, 0.00022452417761087418, 0.00022452417761087418, 0.00022452417761087418, 0.00022452417761087418, 0.00022452417761087418, 0.00022452417761087418, 0.00022452417761087418, 0.00022452417761087418]",10.0,10.0,20.0,0.3
15,231.34,231.44094543457032,2.24906562819642,228.64836161444128,234.23352925469936,"[229.9603271484375, 229.80300903320312, 232.9936065673828, 234.644775390625, 229.80300903320312]",[ 8.09338154 16.67339147 22.27615302  0.274501  ],"[array([ 8.86361191, 17.78202349, 22.12346368,  0.30124012]), array([ 8.08183487, 10.83972682, 20.66257868,  0.34438806]), array([ 8.2288835 , 16.42296364, 17.56020566,  0.31001143]), array([ 8.65204842, 12.18411471, 18.9054254 ,  0.21925713]), array([ 9.97572895, 12.50835972, 18.6027291 ,  0.3740544 ])]","[1.0715954303741455, 1.1207773685455322, 1.7028515338897705, 0.9596960544586182, 1.1109049320220947]","[1.9034870862960815, 2.3623299598693848, 2.734426736831665, 10.921565055847168, 2.3623299598693848]","[10.842178916931152, 10.842178916931152, 10.842178916931152, 5.6245853185653685, 5.6245853185653685, 5.6245853185653685, 5.6245853185653685, 5.6245853185653685, 5.6245853185653685, 5.6245853185653685, 5.6245853185653685, 5.6245853185653685, 5.6245853185653685, 5.6245853185653685, 5.6245853185653685, 5.6245853185653685, 4.0568277597427365, 4.0568277597427365, 4.0568277597427365, 4.0568277597427365, 4.0568277597427365, 2.3189569115638733, 2.3189569115638733, 2.3189569115638733, 2.3189569115638733, 2.734426736831665, 2.734426736831665, 2.734426736831665, 2.734426736831665, 2.734426736831665, 2.734426736831665, 2.734426736831665, 2.734426736831665, 2.734426736831665, 2.734426736831665, 2.734426736831665, 2.734426736831665]",8.0,20.0,25.0,0.4
16,219.76,222.3384033203125,2.1100518876173666,219.7184278571161,224.9583787835089,"[223.47364807128906, 225.3080596923828, 219.85464477539062, 221.85838317871094, 221.19728088378906]",[ 8.10037241 12.88719902 23.54137092  0.35942704],"[array([ 8.18292425, 19.74616587, 22.91610817,  0.28990163]), array([ 8.30353348, 15.02328272, 19.80674642,  0.20915682]), array([ 8.65572447, 12.57871359, 23.79223087,  0.29231625]), array([ 8.69062131, 19.79139893, 17.62331939,  0.30445968]), array([ 8.46513489, 15.48578301, 15.384583  ,  0.34522599])]","[1.5490286350250244, 1.4137582778930664, 1.4817767143249512, 1.3270339965820312, 0.8503627777099609]","[13.79122257232666, 30.78102684020996, 0.008958673104643822, 4.403234958648682, 2.0657920837402344]","[47.794868564605714, 47.794868564605714, 47.794868564605714, 35.53351526260376, 35.53351526260376, 35.53351526260376, 35.53351526260376, 35.53351526260376, 35.53351526260376, 16.241733360290528, 14.486863136291504, 13.608007879182697, 10.210047025606036, 10.210047025606036, 10.210047025606036, 10.210047025606036, 10.210047025606036, 10.210047025606036, 10.210047025606036, 10.210047025606036, 10.210047025606036, 12.246110761072487, 12.246110761072487, 12.246110761072487, 12.246110761072487, 12.246110761072487, 12.246110761072487, 12.246110761072487, 12.246110761072487, 12.246110761072487, 12.246110761072487, 6.900090622715652, 6.900090622715652]",8.0,15.0,20.0,0.2
17,224.38,224.65567626953126,0.9334648548862957,223.49662656563044,225.81472597343208,"[224.5705108642578, 224.5705108642578, 223.47364807128906, 224.5705108642578, 226.09320068359375]",[ 8.3253535  13.25223985 17.61598662  0.24958599],"[array([ 8.04310407, 18.30401771, 20.31180077,  0.21914042]), array([ 8.98588486, 19.17788389, 21.60134617,  0.20294968]), array([ 8.36871582, 14.76739135, 20.35707841,  0.36231376]), array([ 8.7871796 , 17.3707376 , 20.6916486 ,  0.36987837]), array([ 8.8732882 , 10.09564433, 15.80078074,  0.29666261])]","[2.3838911056518555, 1.336413860321045, 1.1648168563842773, 2.0505921840667725, 0.9946069717407227]","[0.036292530596256256, 0.036292530596256256, 0.8214826583862305, 0.036292530596256256, 2.935039758682251]","[25.137762701511384, 25.137762701511384, 25.137762701511384, 25.137762701511384, 1.8255769327282905, 1.8176163151860236, 1.432563455402851, 1.432563455402851, 1.432563455402851, 1.432563455402851, 1.432563455402851, 1.432563455402851, 1.432563455402851, 1.432563455402851, 1.432563455402851, 1.0951166704297066, 1.0951166704297066, 1.0951166704297066, 1.0951166704297066, 1.0951166704297066, 1.0951166704297066, 0.6351358983665705, 0.6351358983665705, 0.6351358983665705, 0.6351358983665705, 0.5597526157895724, 0.2980225731929143, 0.036292530596256256, 0.036292530596256256, 0.036292530596256256, 0.036292530596256256, 0.036292530596256256, 0.036292530596256256, 0.036292530596256256, 0.036292530596256256, 0.036292530596256256, 0.036292530596256256, 0.036292530596256256, 0.036292530596256256, 0.036292530596256256, 0.036292530596256256, 0.036292530596256256, 0.036292530596256256, 0.036292530596256256, 0.036292530596256256, 0.036292530596256256, 0.036292530596256256]",8.0,20.0,20.0,0.3
18,306.28,282.6463684082031,4.098716424162349,277.55713978547425,287.73559703093196,"[284.4793701171875, 284.4793701171875, 284.4793701171875, 284.4793701171875, 275.3143615722656]",[10.60575776 16.27080505 23.21455092  0.30737708],"[array([10.84088966, 16.41592566, 21.77765366,  0.25479932]), array([10.30660167, 18.67889134, 20.12144655,  0.25406953]), array([10.83721672, 17.37511632, 24.70737453,  0.27851061]), array([11.86315128, 15.33573351, 23.03150459,  0.27268379]), array([10.76322369, 12.29892489, 15.35727534,  0.37100858])]","[0.994401216506958, 1.2733731269836426, 0.9970552921295166, 1.1053259372711182, 0.9033935070037842]","[475.26739501953125, 475.26739501953125, 475.26739501953125, 475.26739501953125, 958.8706665039062]","[593.49619140625, 593.49619140625, 593.49619140625, 593.49619140625, 593.49619140625, 571.9880493164062, 571.9880493164062, 571.9880493164062, 571.9880493164062, 571.9880493164062, 571.9880493164062, 571.9880493164062, 571.9880493164062, 571.9880493164062, 571.9880493164062, 571.9880493164062, 571.9880493164062, 571.9880493164062, 571.9880493164062, 571.9880493164062, 571.9880493164062, 475.26739501953125, 475.26739501953125, 475.26739501953125, 475.26739501953125, 475.26739501953125, 475.26739501953125]",10.0,20.0,25.0,0.4
19,247.57,247.32097473144532,1.3521068946663737,245.642112278615,248.99983718427563,"[246.7694549560547, 248.7132568359375, 248.7132568359375, 245.6394500732422, 246.7694549560547]",[ 9.67191687 11.29984274 21.38919618  0.21907607],"[array([ 9.54172993, 11.619337  , 20.53283167,  0.22913238]), array([ 9.38318422, 10.84272947, 18.45221549,  0.35174796]), array([ 9.08668049, 11.02430133, 15.24673052,  0.32654129]), array([ 9.03384043, 15.4328932 , 21.43146173,  0.26285582]), array([ 9.92223987, 18.94005517, 24.61246096,  0.21105859])]","[0.9548609256744385, 1.5246930122375488, 0.9137661457061768, 0.8398435115814209, 1.165074110031128]","[0.6408841013908386, 1.3070194721221924, 1.3070194721221924, 3.727051258087158, 0.6408841013908386]","[1.7473188638687134, 1.7473188638687134, 1.7473188638687134, 1.7473188638687134, 1.7473188638687134, 1.7473188638687134, 1.7473188638687134, 1.7473188638687134, 1.7473188638687134, 1.7473188638687134, 1.7473188638687134, 1.7473188638687134, 1.7473188638687134, 1.7473188638687134, 1.7473188638687134, 1.7473188638687134, 1.524571681022644, 1.524571681022644, 1.524571681022644, 1.524571681022644, 1.524571681022644, 1.3070194721221924, 1.3070194721221924, 1.3070194721221924, 1.3070194721221924, 1.3070194721221924, 1.3070194721221924, 1.3070194721221924, 1.3070194721221924, 1.3070194721221924, 1.3070194721221924, 1.3070194721221924, 1.3070194721221924, 1.3070194721221924, 1.3070194721221924, 1.3070194721221924, 1.3070194721221924]",9.0,12.5,15.0,0.3
